{"cameraMode":{"drawMode":0,"name":"Shaded","section":"Shading Mode"},"sceneLighting":false,"audioPlay":false,"sceneViewState":{"showFog":true,"showMaterialUpdate":false,"showSkybox":true,"showFlares":true,"showImageEffects":true,"showParticleSystems":true},"in2DMode":false,"pivot":{"x":0.8066685199737549,"y":0.8395265340805054,"z":-3.888324737548828},"rotation":{"x":0.0014551712665706874,"y":-0.9826621413230896,"z":0.18522803485393525,"w":0.007976097986102105},"size":2.8578834533691408,"orthographic":false}